{

"TimeCoincWindow_ns+1":100,
"CountEvent_Sum_cnt":4233,
"CountCoincGroup_Sum_cnt":395,
"CountCoincGroup_Sum_perc":9.3314,
"CountParticle_Mean_Event_cnt":1.1580,
"CountParticle_Sum_NoCoinc_cnt":3838,
"CountParticle_Sum_NoCoinc_perc":78.2946,
"CountParticle_Sum_CoincGroup_cnt":1064,
"CountParticle_Sum_CoincGroup_perc":21.7054,
"CountParticle_Mean_CoincGroup_cnt":2.6937,
"CountParticle_Max_CoincGroup_cnt":25,

"TimeLive_Int_Sample_s+1":[ 15, 30, 45, 60, 75, 90, 105, 120, 135, 150, 165, 180, 195, 210, 225, 240, 255, 270, 285, 300, 315, 330, 345, 360, 375, 390, 405, 420, 435, 450, 456.3434 ],
"CountParticle_Mean_Sample_Event_cnt":[ 1.0299, 1.1765, 0, 1.1205, 0, 1.4200, 0, 1.1268, 1.2159, 0, 1.2828, 0, 1.0125, 0, 1.4149, 0, 1.0123, 1.0405, 0, 1.2658, 0, 1.0247, 0, 1.2222, 0, 1.1481, 1.1393, 0, 1.0896, 0, 1.8000 ],
"CountCoincGroup_Sample_cnt":[ 2, 3, 0, 6, 0, 15, 0, 6, 6, 0, 10, 0, 1, 0, 6, 0, 1, 3, 0, 9, 0, 2, 0, 8, 0, 8, 296, 0, 7, 0, 6 ] 

}
